{
  "accuracy": [
    0.9647080302238464,
    0.9677664041519165,
    0.9693330526351929,
    0.9705330729484558,
    0.9715414047241211,
    0.9718414545059204,
    0.9721580743789673,
    0.9719414114952087,
    0.9724747538566589,
    0.972741425037384,
    0.9726497530937195,
    0.972658097743988
  ],
  "loss": [
    0.13588638603687286,
    0.12046558409929276,
    0.11349716782569885,
    0.1080484613776207,
    0.10589788854122162,
    0.10442417860031128,
    0.10408323258161545,
    0.1025201752781868,
    0.10150308907032013,
    0.09911646693944931,
    0.10048065334558487,
    0.0987381711602211
  ],
  "val_accuracy": [
    0.9502666592597961,
    0.9520000219345093,
    0.9513999819755554,
    0.9520666599273682,
    0.9512666463851929,
    0.9518666863441467,
    0.9507333040237427,
    0.9516666531562805,
    0.9517333507537842,
    0.9519333243370056,
    0.951200008392334,
    0.9513999819755554
  ],
  "val_loss": [
    0.12928475439548492,
    0.1244390606880188,
    0.12723739445209503,
    0.12690608203411102,
    0.12694494426250458,
    0.12540306150913239,
    0.12935155630111694,
    0.12660087645053864,
    0.12656691670417786,
    0.12711896002292633,
    0.12835165858268738,
    0.1280069202184677
  ]
}